{
  "single_embedding": {
    "text": "This is a test sentence for embedding generation.",
    "dimension": 384,
    "first_10_values": [
      0.0030602074693888426,
      0.002002075547352433,
      0.05544935166835785,
      0.07702644914388657,
      0.008578524924814701,
      0.05962981656193733,
      -0.009162796661257744,
      -0.08298243582248688,
      0.014034494757652283,
      -0.042965784668922424
    ]
  },
  "batch_stats": {
    "size": 10,
    "dimension": 384,
    "processing_time_ms": 13.846158981323242
  }
}